log_stamp,IMUData.w,IMUData.w
74.117203,0.998015873,0.998015873
74.119215,0.998015873,0.998015873
74.121246,0.998015873,0.998015873
74.123247,0.998015873,0.998015873
74.125253,0.998015873,0.998015873
74.127269,0.998015873,0.998015873
74.129273,0.998015873,0.998015873
74.131276,0.998015873,0.998015873
74.133285,0.998015873,0.998015873
74.135291,0.998015873,0.998015873
74.137362,0.998015873,0.998015873
74.13937,0.998015873,0.998015873
74.141382,0.998015873,0.998015873
74.14339,0.998015873,0.998015873
74.145402,0.998015873,0.998015873
74.147412,0.998015873,0.998015873
74.14942,0.998015873,0.998015873
74.151424,0.998015873,0.998015873
74.153476,0.998015873,0.998015873
74.155479,0.998015873,0.998015873
74.157502,0.998015873,0.998015873
74.159511,0.998015873,0.998015873
74.161514,0.998015873,0.998015873
74.163522,0.998015873,0.998015873
74.165524,0.998015873,0.998015873
74.167526,0.998015873,0.998015873
74.169603,0.998015873,0.998015873
74.171612,0.998015873,0.998015873
74.173616,0.998015873,0.998015873
74.175616,0.998015873,0.998015873
74.177623,0.998015873,0.998015873
74.179632,0.998015873,0.998015873
74.181642,0.998015873,0.998015873
74.183643,0.998015873,0.998015873
74.185716,0.998015873,0.998015873
74.187721,0.998015873,0.998015873
74.18973,0.998015873,0.998015873
74.19173,0.998015873,0.998015873
74.193732,0.998015873,0.998015873
74.195738,0.998015873,0.998015873
74.197746,0.998015873,0.998015873
74.19975,0.998015873,0.998015873
74.201828,0.998015873,0.998015873
74.203831,0.998015873,0.998015873
74.20584,0.998015873,0.998015873
74.207849,0.998015873,0.998015873
74.209856,0.998015873,0.998015873
74.211861,0.998015873,0.998015873
74.21387,0.998015873,0.998015873
74.215875,0.998015873,0.998015873
74.217947,0.998015873,0.998015873
74.219953,0.998015873,0.998015873
74.22196,0.998015873,0.998015873
74.223968,0.998015873,0.998015873
74.225971,0.998015873,0.998015873
74.227978,0.998015873,0.998015873
74.229979,0.998015873,0.998015873
74.231982,0.998015873,0.998015873
74.234063,0.998015873,0.998015873
74.235995,0.998015873,0.998015873
74.238003,0.998015873,0.998015873
74.24002,0.998015873,0.998015873
74.24202,0.998015873,0.998015873
74.244023,0.998015873,0.998015873
74.246026,0.998015873,0.998015873
74.248035,0.998015873,0.998015873
74.250041,0.998015873,0.998015873
74.252053,0.998015873,0.998015873
74.254053,0.998015873,0.998015873
74.25606,0.998015873,0.998015873
74.258069,0.998015873,0.998015873
74.260111,0.998015873,0.998015873
74.262118,0.998015873,0.998015873
74.264121,0.998015873,0.998015873
74.266125,0.998015873,0.998015873
74.268126,0.998015873,0.998015873
74.270132,0.998015873,0.998015873
74.272139,0.998015873,0.998015873
74.274142,0.998015873,0.998015873
74.276218,0.998015873,0.998015873
74.278145,0.998015873,0.998015873
74.280146,0.998015873,0.998015873
74.282153,0.998015873,0.998015873
74.284156,0.998015873,0.998015873
74.286156,0.998015873,0.998015873
74.288185,0.998015873,0.998015873
74.290192,0.998015873,0.998015873
74.2922,0.998015873,0.998015873
74.2942,0.998015873,0.998015873
74.296202,0.998015873,0.998015873
74.29822,0.998015873,0.998015873
74.300227,0.998015873,0.998015873
74.302271,0.998015873,0.998015873
74.304271,0.998015873,0.998015873
74.30627,0.998015873,0.998015873
74.308292,0.998015873,0.998015873
74.310302,0.998015873,0.998015873
74.312303,0.998015873,0.998015873
74.314314,0.998015873,0.998015873
74.316323,0.998015873,0.998015873
74.318386,0.998015873,0.998015873
74.320391,0.998015873,0.998015873
74.322396,0.998015873,0.998015873
74.324405,0.998015873,0.998015873
74.326407,0.998015873,0.998015873
74.328419,0.998015873,0.998015873
74.330428,0.998015873,0.998015873
74.332436,0.998015873,0.998015873
74.334499,0.998015873,0.998015873
74.336505,0.998015873,0.998015873
74.338505,0.998015873,0.998015873
74.340514,0.998015873,0.998015873
74.342523,0.998015873,0.998015873
74.344528,0.998015873,0.998015873
74.346534,0.998015873,0.998015873
74.348536,0.998015873,0.998015873
74.350626,0.998015873,0.998015873
74.352635,0.998015873,0.998015873
74.354641,0.998015873,0.998015873
74.356646,0.998015873,0.998015873
74.358646,0.998015873,0.998015873
74.360647,0.998015873,0.998015873
74.362648,0.998015873,0.998015873
74.36465,0.998015873,0.998015873
74.366729,0.998015873,0.998015873
74.368663,0.998015873,0.998015873
74.37068,0.998015873,0.998015873
74.372682,0.998015873,0.998015873
74.374683,0.998015873,0.998015873
74.37669,0.998015873,0.998015873
74.378698,0.998015873,0.998015873
74.380702,0.998015873,0.998015873
74.382706,0.998015873,0.998015873
74.384707,0.998015873,0.998015873
74.386718,0.998015873,0.998015873
74.388725,0.998015873,0.998015873
74.390728,0.998015873,0.998015873
74.392774,0.998015873,0.998015873
74.394783,0.998015873,0.998015873
74.396786,0.998015873,0.998015873
74.398793,0.998015873,0.998015873
74.400798,0.998015873,0.998015873
74.402802,0.998015873,0.998015873
74.404806,0.998015873,0.998015873
74.406821,0.998015873,0.998015873
74.40889,0.998015873,0.998015873
74.410893,0.998015873,0.998015873
74.412905,0.998015873,0.998015873
74.414913,0.998015873,0.998015873
74.416919,0.998015873,0.998015873
74.418926,0.998015873,0.998015873
74.420935,0.998015873,0.998015873
74.422935,0.998015873,0.998015873
74.42501,0.998015873,0.998015873
74.427017,0.998015873,0.998015873
74.429026,0.998015873,0.998015873
74.43103,0.998015873,0.998015873
74.433031,0.998015873,0.998015873
74.435034,0.998015873,0.998015873
74.43704,0.998015873,0.998015873
74.43904,0.998015873,0.998015873
74.44112,0.998015873,0.998015873
74.443121,0.998015873,0.998015873
74.445124,0.998015873,0.998015873
74.447131,0.998015873,0.998015873
74.449139,0.998015873,0.998015873
74.451143,0.998015873,0.998015873
74.453151,0.998015873,0.998015873
74.455153,0.998015873,0.998015873
74.457242,0.998015873,0.998015873
74.459248,0.998015873,0.998015873
74.461251,0.998015873,0.998015873
74.463258,0.998015873,0.998015873
74.465301,0.998015873,0.998015873
74.467311,0.998015873,0.998015873
74.469321,0.998015873,0.998015873
74.471325,0.998015873,0.998015873
74.473357,0.998015873,0.998015873
74.475383,0.998015873,0.998015873
74.477386,0.998015873,0.998015873
74.479394,0.998015873,0.998015873
74.481397,0.998015873,0.998015873
74.483404,0.998015873,0.998015873
74.48543,0.998015873,0.998015873
74.487435,0.998015873,0.998015873
74.489478,0.998015873,0.998015873
74.491489,0.998015873,0.998015873
74.493492,0.998015873,0.998015873
74.495501,0.998015873,0.998015873
74.497509,0.998015873,0.998015873
74.499511,0.998015873,0.998015873
74.50152,0.998015873,0.998015873
74.503526,0.998015873,0.998015873
74.505589,0.998015873,0.998015873
74.507589,0.998015873,0.998015873
74.509595,0.998015873,0.998015873
74.511596,0.998015873,0.998015873
74.513599,0.998015873,0.998015873
74.515633,0.998015873,0.998015873
74.517638,0.998015873,0.998015873
74.519648,0.998015873,0.998015873
74.52172,0.998015873,0.998015873
74.523725,0.998015873,0.998015873
74.525727,0.998015873,0.998015873
74.527735,0.998015873,0.998015873
74.529743,0.998015873,0.998015873
74.53175,0.998015873,0.998015873
74.533756,0.998015873,0.998015873
74.53577,0.998015873,0.998015873
74.537839,0.998015873,0.998015873
74.539845,0.998015873,0.998015873
74.541852,0.998015873,0.998015873
74.543861,0.998015873,0.998015873
74.545862,0.998015873,0.998015873
74.547865,0.998015873,0.998015873
74.549869,0.998015873,0.998015873
74.551872,0.998015873,0.998015873
74.553943,0.998015873,0.998015873
74.555951,0.998015873,0.998015873
74.557954,0.998015873,0.998015873
74.559953,0.998015873,0.998015873
74.561957,0.998015873,0.998015873
74.563969,0.998015873,0.998015873
74.565975,0.998015873,0.998015873
74.567976,0.998015873,0.998015873
74.570072,0.998015873,0.998015873
74.572074,0.998015873,0.998015873
74.574079,0.998015873,0.998015873
74.576083,0.998015873,0.998015873
74.57809,0.998015873,0.998015873
74.580099,0.998015873,0.998015873
74.582102,0.998015873,0.998015873
74.584111,0.998015873,0.998015873
74.58619,0.998015873,0.998015873
74.588201,0.998015873,0.998015873
74.590206,0.998015873,0.998015873
74.592222,0.998015873,0.998015873
74.594225,0.998015873,0.998015873
74.596234,0.998015873,0.998015873
74.598235,0.998015873,0.998015873
74.600245,0.998015873,0.998015873
74.602342,0.998015873,0.998015873
74.604348,0.998015873,0.998015873
74.60636,0.998015873,0.998015873
74.60836,0.998015873,0.998015873
74.610368,0.998015873,0.998015873
74.612377,0.998015873,0.998015873
74.614385,0.998015873,0.998015873
74.616389,0.998015873,0.998015873
74.618422,0.998015873,0.998015873
74.620423,0.998015873,0.998015873
74.622451,0.998015873,0.998015873
74.624453,0.998015873,0.998015873
74.626454,0.998015873,0.998015873
74.628459,0.998015873,0.998015873
74.630468,0.998015873,0.998015873
74.632471,0.998015873,0.998015873
74.634534,0.998015873,0.998015873
74.636546,0.998015873,0.998015873
74.638549,0.998015873,0.998015873
74.640567,0.998015873,0.998015873
74.642569,0.998015873,0.998015873
74.644574,0.998015873,0.998015873
74.646581,0.998015873,0.998015873
74.648583,0.998015873,0.998015873
74.650662,0.998015873,0.998015873
74.652665,0.998015873,0.998015873
74.654671,0.998015873,0.998015873
74.656677,0.998015873,0.998015873
74.658681,0.998015873,0.998015873
74.660694,0.998015873,0.998015873
74.662702,0.998015873,0.998015873
74.664709,0.998015873,0.998015873
74.666771,0.998015873,0.998015873
74.668772,0.998015873,0.998015873
74.670775,0.998015873,0.998015873
74.672783,0.998015873,0.998015873
74.674791,0.998015873,0.998015873
74.676803,0.998015873,0.998015873
74.678814,0.998015873,0.998015873
74.680824,0.998015873,0.998015873
74.682888,0.998015873,0.998015873
74.684892,0.998015873,0.998015873
74.686899,0.998015873,0.998015873
74.688922,0.998015873,0.998015873
74.690932,0.998015873,0.998015873
74.692941,0.998015873,0.998015873
74.69495,0.998015873,0.998015873
74.696954,0.998015873,0.998015873
74.699009,0.998015873,0.998015873
74.701011,0.998015873,0.998015873
74.703016,0.998015873,0.998015873
74.705025,0.998015873,0.998015873
74.707026,0.998015873,0.998015873
74.709027,0.998015873,0.998015873
74.711035,0.998015873,0.998015873
74.713041,0.998015873,0.998015873
74.715125,0.998015873,0.998015873
74.717125,0.998015873,0.998015873
74.719138,0.998015873,0.998015873
74.721143,0.998015873,0.998015873
74.723153,0.998015873,0.998015873
74.725155,0.998015873,0.998015873
74.727168,0.998015873,0.998015873
74.729171,0.998015873,0.998015873
74.731254,0.998015873,0.998015873
74.733263,0.998015873,0.998015873
74.735271,0.998015873,0.998015873
74.737281,0.998015873,0.998015873
74.739285,0.998015873,0.998015873
74.74129,0.998015873,0.998015873
74.743299,0.998015873,0.998015873
74.745301,0.998015873,0.998015873
74.747368,0.998015873,0.998015873
74.749378,0.998015873,0.998015873
74.751385,0.998015873,0.998015873
74.753393,0.998015873,0.998015873
74.755399,0.998015873,0.998015873
74.7574,0.998015873,0.998015873
74.759406,0.998015873,0.998015873
74.761416,0.998015873,0.998015873
74.763486,0.998015873,0.998015873
74.765488,0.998015873,0.998015873
74.767492,0.998015873,0.998015873
74.769498,0.998015873,0.998015873
74.771507,0.998015873,0.998015873
74.773518,0.998015873,0.998015873
74.775524,0.998015873,0.998015873
74.777526,0.998015873,0.998015873
74.779599,0.998015873,0.998015873
74.781601,0.998015873,0.998015873
74.783603,0.998015873,0.998015873
74.785605,0.998015873,0.998015873
74.787615,0.998015873,0.998015873
74.789623,0.998015873,0.998015873
74.791631,0.998015873,0.998015873
74.793633,0.998015873,0.998015873
74.795716,0.998015873,0.998015873
74.797717,0.998015873,0.998015873
74.799724,0.998015873,0.998015873
74.801732,0.998015873,0.998015873
74.803739,0.998015873,0.998015873
74.805748,0.998015873,0.998015873
74.807748,0.998015873,0.998015873
74.809755,0.998015873,0.998015873
74.811828,0.998015873,0.998015873
74.813834,0.998015873,0.998015873
74.815855,0.998015873,0.998015873
74.817863,0.998015873,0.998015873
74.819866,0.998015873,0.998015873
74.821869,0.998015873,0.998015873
74.823873,0.998015873,0.998015873
74.825885,0.998015873,0.998015873
74.827952,0.998015873,0.998015873
74.829963,0.998015873,0.998015873
74.831963,0.998015873,0.998015873
74.83397,0.998015873,0.998015873
74.835976,0.998015873,0.998015873
74.837978,0.998015873,0.998015873
74.839987,0.998015873,0.998015873
74.841995,0.998015873,0.998015873
74.844067,0.998015873,0.998015873
74.846071,0.998015873,0.998015873
74.848081,0.998015873,0.998015873
74.85009,0.998015873,0.998015873
74.852091,0.998015873,0.998015873
74.854093,0.998015873,0.998015873
74.856098,0.998015873,0.998015873
74.8581,0.998015873,0.998015873
74.860178,0.998015873,0.998015873
74.862106,0.998015873,0.998015873
74.864109,0.998015873,0.998015873
74.866113,0.998015873,0.998015873
74.868124,0.998015873,0.998015873
74.87013,0.998015873,0.998015873
74.87214,0.998015873,0.998015873
74.874151,0.998015873,0.998015873
74.876152,0.998015873,0.998015873
74.878156,0.998015873,0.998015873
74.880162,0.998015873,0.998015873
74.882162,0.998015873,0.998015873
74.884165,0.998015873,0.998015873
74.886218,0.998015873,0.998015873
74.888227,0.998015873,0.998015873
74.890238,0.998015873,0.998015873
74.892248,0.998015873,0.998015873
74.894249,0.998015873,0.998015873
74.896259,0.998015873,0.998015873
74.898265,0.998015873,0.998015873
74.900269,0.998015873,0.998015873
74.90234,0.998015873,0.998015873
74.904344,0.998015873,0.998015873
74.906353,0.998015873,0.998015873
74.908358,0.998015873,0.998015873
74.910364,0.998015873,0.998015873
74.912376,0.998015873,0.998015873
74.914382,0.998015873,0.998015873
74.9164,0.998015873,0.998015873
74.918463,0.998015873,0.998015873
74.920463,0.998015873,0.998015873
74.922469,0.998015873,0.998015873
74.924473,0.998015873,0.998015873
74.926476,0.998015873,0.998015873
74.928484,0.998015873,0.998015873
74.930489,0.998015873,0.998015873
74.932496,0.998015873,0.998015873
74.93458,0.998015873,0.998015873
74.936587,0.998015873,0.998015873
74.938594,0.998015873,0.998015873
74.940596,0.998015873,0.998015873
74.942596,0.998015873,0.998015873
74.944606,0.998015873,0.998015873
74.946612,0.998015873,0.998015873
74.948616,0.998015873,0.998015873
74.950685,0.998015873,0.998015873
74.952687,0.998015873,0.998015873
74.9547,0.998015873,0.998015873
74.95671,0.998015873,0.998015873
74.958714,0.998015873,0.998015873
74.960725,0.998015873,0.998015873
74.962732,0.998015873,0.998015873
74.964747,0.998015873,0.998015873
74.966802,0.998015873,0.998015873
74.968804,0.998015873,0.998015873
74.970815,0.998015873,0.998015873
74.972859,0.998015873,0.998015873
74.974861,0.998015873,0.998015873
74.976867,0.998015873,0.998015873
74.97887,0.998015873,0.998015873
74.98088,0.998015873,0.998015873
74.982926,0.998015873,0.998015873
74.984929,0.998015873,0.998015873
74.986933,0.998015873,0.998015873
74.988937,0.998015873,0.998015873
74.990939,0.998015873,0.998015873
74.992946,0.998015873,0.998015873
74.994949,0.998015873,0.998015873
74.996956,0.998015873,0.998015873
74.999035,0.998015873,0.998015873
75.001038,0.998015873,0.998015873
75.003062,0.998015873,0.998015873
75.005077,0.998015873,0.998015873
75.007083,0.998015873,0.998015873
75.009082,0.998015873,0.998015873
75.011089,0.998015873,0.998015873
75.013103,0.998015873,0.998015873
75.015162,0.998015873,0.998015873
75.01717,0.998015873,0.998015873
75.019176,0.998015873,0.998015873
75.021176,0.998015873,0.998015873
75.023182,0.998015873,0.998015873
75.025191,0.998015873,0.998015873
75.027194,0.998015873,0.998015873
75.029201,0.998015873,0.998015873
75.031268,0.998015873,0.998015873
75.033269,0.998015873,0.998015873
75.03528,0.998015873,0.998015873
75.037287,0.998015873,0.998015873
75.03929,0.998015873,0.998015873
75.041296,0.998015873,0.998015873
75.043305,0.998015873,0.998015873
75.045316,0.998015873,0.998015873
75.047385,0.998015873,0.998015873
75.049388,0.998015873,0.998015873
75.05139,0.998015873,0.998015873
75.053394,0.998015873,0.998015873
75.055396,0.998015873,0.998015873
75.057402,0.998015873,0.998015873
75.059405,0.998015873,0.998015873
75.06141,0.998015873,0.998015873
75.063419,0.998015873,0.998015873
75.065422,0.998015873,0.998015873
75.067427,0.998015873,0.998015873
75.069429,0.998015873,0.998015873
75.071436,0.998015873,0.998015873
75.073438,0.998015873,0.998015873
75.075442,0.998015873,0.998015873
75.077443,0.998015873,0.998015873
75.079447,0.998015873,0.998015873
75.081453,0.998015873,0.998015873
75.083457,0.998015873,0.998015873
75.085462,0.998015873,0.998015873
75.087463,0.998015873,0.998015873
75.089541,0.998015873,0.998015873
75.091551,0.998015873,0.998015873
75.093556,0.998015873,0.998015873
75.095557,0.998015873,0.998015873
75.097561,0.998015873,0.998015873
75.099563,0.998015873,0.998015873
75.101571,0.998015873,0.998015873
75.103589,0.998015873,0.998015873
75.10566,0.998015873,0.998015873
75.107665,0.998015873,0.998015873
75.109672,0.998015873,0.998015873
75.11168,0.998015873,0.998015873
75.113688,0.998015873,0.998015873
75.1157,0.998015873,0.998015873
75.117709,0.998015873,0.998015873
75.119716,0.998015873,0.998015873
75.121778,0.998015873,0.998015873
75.123786,0.998015873,0.998015873
75.12579,0.998015873,0.998015873
75.127797,0.998015873,0.998015873
75.1298,0.998015873,0.998015873
75.131802,0.998015873,0.998015873
75.133809,0.998015873,0.998015873
75.135813,0.998015873,0.998015873
75.137898,0.998015873,0.998015873
75.139899,0.998015873,0.998015873
75.141904,0.998015873,0.998015873
75.143914,0.998015873,0.998015873
75.145922,0.998015873,0.998015873
75.147923,0.998015873,0.998015873
75.149923,0.998015873,0.998015873
75.15193,0.998015873,0.998015873
75.154015,0.998015873,0.998015873
75.156016,0.998015873,0.998015873
75.158026,0.998015873,0.998015873
75.160031,0.998015873,0.998015873
75.162033,0.998015873,0.998015873
75.164034,0.998015873,0.998015873
75.166042,0.998015873,0.998015873
75.168044,0.998015873,0.998015873
75.170126,0.998015873,0.998015873
75.172131,0.998015873,0.998015873
75.174133,0.998015873,0.998015873
75.176135,0.998015873,0.998015873
75.178135,0.998015873,0.998015873
75.180144,0.998015873,0.998015873
75.182148,0.998015873,0.998015873
75.18415,0.998015873,0.998015873
75.186155,0.998015873,0.998015873
75.188163,0.998015873,0.998015873
75.190168,0.998015873,0.998015873
75.192169,0.998015873,0.998015873
75.194178,0.998015873,0.998015873
75.196184,0.998015873,0.998015873
75.198187,0.998015873,0.998015873
75.200193,0.998015873,0.998015873
75.202194,0.998015873,0.998015873
75.204199,0.998015873,0.998015873
75.206206,0.998015873,0.998015873
75.208213,0.998015873,0.998015873
75.210219,0.998015873,0.998015873
75.212292,0.998015873,0.998015873
75.214293,0.998015873,0.998015873
75.2163,0.998015873,0.998015873
75.218302,0.998015873,0.998015873
75.220313,0.998015873,0.998015873
75.222323,0.998015873,0.998015873
75.224327,0.998015873,0.998015873
75.22633,0.998015873,0.998015873
75.228393,0.998015873,0.998015873
75.230399,0.998015873,0.998015873
75.2324,0.998015873,0.998015873
75.234407,0.998015873,0.998015873
75.236415,0.998015873,0.998015873
75.238421,0.998015873,0.998015873
75.240427,0.998015873,0.998015873
75.242427,0.998015873,0.998015873
75.244509,0.998015873,0.998015873
75.246441,0.998015873,0.998015873
75.248448,0.998015873,0.998015873
75.250453,0.998015873,0.998015873
75.252457,0.998015873,0.998015873
75.254456,0.998015873,0.998015873
75.256457,0.998015873,0.998015873
75.258465,0.998015873,0.998015873
75.260468,0.998015873,0.998015873
75.262479,0.998015873,0.998015873
75.264486,0.998015873,0.998015873
75.266486,0.998015873,0.998015873
75.2685,0.998015873,0.998015873
75.27056,0.998015873,0.998015873
75.272568,0.998015873,0.998015873
75.274579,0.998015873,0.998015873
75.276581,0.998015873,0.998015873
75.278593,0.998015873,0.998015873
75.280594,0.998015873,0.998015873
75.282601,0.998015873,0.998015873
75.284614,0.998015873,0.998015873
75.286673,0.998015873,0.998015873
75.288681,0.998015873,0.998015873
75.290689,0.998015873,0.998015873
75.292702,0.998015873,0.998015873
75.294707,0.998015873,0.998015873
75.296713,0.998015873,0.998015873
75.298718,0.998015873,0.998015873
75.300726,0.998015873,0.998015873
75.30278,0.998015873,0.998015873
75.304788,0.998015873,0.998015873
75.306797,0.998015873,0.998015873
75.308807,0.998015873,0.998015873
75.310815,0.998015873,0.998015873
75.312818,0.998015873,0.998015873
75.314822,0.998015873,0.998015873
75.316824,0.998015873,0.998015873
75.318914,0.998015873,0.998015873
75.320945,0.998015873,0.998015873
75.322948,0.998015873,0.998015873
75.324953,0.998015873,0.998015873
75.326959,0.998015873,0.998015873
75.328959,0.998015873,0.998015873
75.330983,0.998015873,0.998015873
75.332989,0.998015873,0.998015873
75.33504,0.998015873,0.998015873
75.33704,0.998015873,0.998015873
75.339042,0.998015873,0.998015873
75.341056,0.998015873,0.998015873
75.343056,0.998015873,0.998015873
75.345057,0.998015873,0.998015873
75.347065,0.998015873,0.998015873
75.349072,0.998015873,0.998015873
75.351139,0.998015873,0.998015873
75.353144,0.998015873,0.998015873
75.355148,0.998015873,0.998015873
75.357157,0.998015873,0.998015873
75.359158,0.998015873,0.998015873
75.361178,0.998015873,0.998015873
75.363184,0.998015873,0.998015873
75.365193,0.998015873,0.998015873
75.367262,0.998015873,0.998015873
75.369263,0.998015873,0.998015873
75.371271,0.998015873,0.998015873
75.37328,0.998015873,0.998015873
75.375284,0.998015873,0.998015873
75.377288,0.998015873,0.998015873
75.379297,0.998015873,0.998015873
75.381312,0.998015873,0.998015873
75.383365,0.998015873,0.998015873
75.385371,0.998015873,0.998015873
75.387375,0.998015873,0.998015873
75.389377,0.998015873,0.998015873
75.391384,0.998015873,0.998015873
75.393395,0.998015873,0.998015873
75.395395,0.998015873,0.998015873
75.397398,0.998015873,0.998015873
75.399483,0.998015873,0.998015873
75.40149,0.998015873,0.998015873
75.403495,0.998015873,0.998015873
75.405503,0.998015873,0.998015873
75.407508,0.998015873,0.998015873
75.409509,0.998015873,0.998015873
75.411515,0.998015873,0.998015873
75.413516,0.998015873,0.998015873
75.415518,0.998015873,0.998015873
75.417527,0.998015873,0.998015873
75.419532,0.998015873,0.998015873
75.421534,0.998015873,0.998015873
75.423543,0.998015873,0.998015873
75.425544,0.998015873,0.998015873
75.427555,0.998015873,0.998015873
75.429563,0.998015873,0.998015873
75.431565,0.998015873,0.998015873
75.433569,0.998015873,0.998015873
75.435577,0.998015873,0.998015873
75.437579,0.998015873,0.998015873
75.439583,0.998015873,0.998015873
75.441646,0.998015873,0.998015873
75.443647,0.998015873,0.998015873
75.445649,0.998015873,0.998015873
75.44766,0.998015873,0.998015873
75.449667,0.998015873,0.998015873
75.451672,0.998015873,0.998015873
75.453672,0.998015873,0.998015873
75.455677,0.998015873,0.998015873
75.457757,0.998015873,0.998015873
75.459761,0.998015873,0.998015873
75.46177,0.998015873,0.998015873
75.463784,0.998015873,0.998015873
75.465794,0.998015873,0.998015873
75.467799,0.998015873,0.998015873
75.469801,0.998015873,0.998015873
75.471808,0.998015873,0.998015873
75.473885,0.998015873,0.998015873
75.475895,0.998015873,0.998015873
75.477896,0.998015873,0.998015873
75.4799,0.998015873,0.998015873
75.481908,0.998015873,0.998015873
75.483913,0.998015873,0.998015873
75.485926,0.998015873,0.998015873
75.487926,0.998015873,0.998015873
75.489994,0.998015873,0.998015873
75.492004,0.998015873,0.998015873
75.494006,0.998015873,0.998015873
75.496008,0.998015873,0.998015873
75.498009,0.998015873,0.998015873
75.500031,0.998015873,0.998015873
75.502033,0.998015873,0.998015873
75.504041,0.998015873,0.998015873
75.506111,0.998015873,0.998015873
75.508124,0.998015873,0.998015873
75.51013,0.998015873,0.998015873
75.512135,0.998015873,0.998015873
75.514135,0.998015873,0.998015873
75.516139,0.998015873,0.998015873
75.518153,0.998015873,0.998015873
75.520155,0.998015873,0.998015873
75.522232,0.998015873,0.998015873
75.524234,0.998015873,0.998015873
75.526242,0.998015873,0.998015873
75.528248,0.998015873,0.998015873
75.530252,0.998015873,0.998015873
75.532254,0.998015873,0.998015873
75.534255,0.998015873,0.998015873
75.53626,0.998015873,0.998015873
75.538343,0.998015873,0.998015873
75.540344,0.998015873,0.998015873
75.54235,0.998015873,0.998015873
75.544355,0.998015873,0.998015873
75.546363,0.998015873,0.998015873
75.548376,0.998015873,0.998015873
75.550376,0.998015873,0.998015873
75.552386,0.998015873,0.998015873
75.55446,0.998015873,0.998015873
75.556393,0.998015873,0.998015873
75.558395,0.998015873,0.998015873
75.560404,0.998015873,0.998015873
75.562412,0.998015873,0.998015873
75.564414,0.998015873,0.998015873
75.566419,0.998015873,0.998015873
75.568453,0.998015873,0.998015873
75.570459,0.998015873,0.998015873
75.572465,0.998015873,0.998015873
75.57447,0.998015873,0.998015873
75.576474,0.998015873,0.998015873
75.57849,0.998015873,0.998015873
75.580508,0.998015873,0.998015873
75.582511,0.998015873,0.998015873
75.584515,0.998015873,0.998015873
75.586523,0.998015873,0.998015873
75.588539,0.998015873,0.998015873
75.590547,0.998015873,0.998015873
75.59255,0.998015873,0.998015873
75.594552,0.998015873,0.998015873
75.596617,0.998015873,0.998015873
75.598627,0.998015873,0.998015873
75.600628,0.998015873,0.998015873
75.602637,0.998015873,0.998015873
75.604639,0.998015873,0.998015873
75.606647,0.998015873,0.998015873
75.60865,0.998015873,0.998015873
75.610664,0.998015873,0.998015873
75.612744,0.998015873,0.998015873
75.614747,0.998015873,0.998015873
75.61675,0.998015873,0.998015873
75.618754,0.998015873,0.998015873
75.620759,0.998015873,0.998015873
75.622762,0.998015873,0.998015873
75.624765,0.998015873,0.998015873
75.626771,0.998015873,0.998015873
75.62886,0.998015873,0.998015873
75.632873,0.998015873,0.998015873
75.634877,0.998015873,0.998015873
75.63688,0.998015873,0.998015873
75.638891,0.998015873,0.998015873
75.640894,0.998015873,0.998015873
75.642903,0.998015873,0.998015873
75.644985,0.998015873,0.998015873
75.657021,0.998015873,0.998015873
75.659021,0.998015873,0.998015873
75.661097,0.998015873,0.998015873
75.663099,0.998015873,0.998015873
75.665107,0.998015873,0.998015873
75.667115,0.998015873,0.998015873
75.669116,0.998015873,0.998015873
75.671118,0.998015873,0.998015873
75.673117,0.998015873,0.998015873
75.675119,0.998015873,0.998015873
75.677204,0.998015873,0.998015873
75.679133,0.998015873,0.998015873
75.681145,0.998015873,0.998015873
75.683152,0.998015873,0.998015873
75.685158,0.998015873,0.998015873
75.687163,0.998015873,0.998015873
75.689169,0.998015873,0.998015873
75.691171,0.998015873,0.998015873
75.693174,0.998015873,0.998015873
75.69518,0.998015873,0.998015873
75.697187,0.998015873,0.998015873
75.699207,0.998015873,0.998015873
75.701218,0.998015873,0.998015873
75.703254,0.998015873,0.998015873
75.705255,0.998015873,0.998015873
75.707264,0.998015873,0.998015873
75.709271,0.998015873,0.998015873
75.711279,0.998015873,0.998015873
75.713284,0.998015873,0.998015873
75.715293,0.998015873,0.998015873
75.717301,0.998015873,0.998015873
75.719376,0.998015873,0.998015873
75.72138,0.998015873,0.998015873
75.723389,0.998015873,0.998015873
75.725396,0.998015873,0.998015873
75.727405,0.998015873,0.998015873
75.729418,0.998015873,0.998015873
75.731426,0.998015873,0.998015873
75.733428,0.998015873,0.998015873
75.735494,0.998015873,0.998015873
75.737501,0.998015873,0.998015873
75.739502,0.998015873,0.998015873
75.741506,0.998015873,0.998015873
75.743516,0.998015873,0.998015873
75.745523,0.998015873,0.998015873
75.747527,0.998015873,0.998015873
75.74953,0.998015873,0.998015873
75.75161,0.998015873,0.998015873
75.753612,0.998015873,0.998015873
75.755621,0.998015873,0.998015873
75.757626,0.998015873,0.998015873
75.759628,0.998015873,0.998015873
75.761631,0.998015873,0.998015873
75.763636,0.998015873,0.998015873
75.765647,0.998015873,0.998015873
75.767733,0.998015873,0.998015873
75.769739,0.998015873,0.998015873
75.771746,0.998015873,0.998015873
75.773748,0.998015873,0.998015873
75.775757,0.998015873,0.998015873
75.777767,0.998015873,0.998015873
75.779773,0.998015873,0.998015873
75.781782,0.998015873,0.998015873
75.78385,0.998015873,0.998015873
75.785867,0.998015873,0.998015873
75.787873,0.998015873,0.998015873
75.789874,0.998015873,0.998015873
75.791874,0.998015873,0.998015873
75.793879,0.998015873,0.998015873
75.795889,0.998015873,0.998015873
75.797893,0.998015873,0.998015873
75.799962,0.998015873,0.998015873
75.801961,0.998015873,0.998015873
75.803963,0.998015873,0.998015873
75.805983,0.998015873,0.998015873
75.807986,0.998015873,0.998015873
75.809987,0.998015873,0.998015873
75.811997,0.998015873,0.998015873
75.814006,0.998015873,0.998015873
75.816096,0.998015873,0.998015873
75.818098,0.998015873,0.998015873
75.820104,0.998015873,0.998015873
75.822106,0.998015873,0.998015873
75.824109,0.998015873,0.998015873
75.826118,0.998015873,0.998015873
75.828126,0.998015873,0.998015873
75.830136,0.998015873,0.998015873
75.8322,0.998015873,0.998015873
75.834205,0.998015873,0.998015873
75.836211,0.998015873,0.998015873
75.838214,0.998015873,0.998015873
75.840214,0.998015873,0.998015873
75.842215,0.998015873,0.998015873
75.844217,0.998015873,0.998015873
75.84622,0.998015873,0.998015873
75.848305,0.998015873,0.998015873
75.850239,0.998015873,0.998015873
75.852247,0.998015873,0.998015873
75.854254,0.998015873,0.998015873
75.856256,0.998015873,0.998015873
75.858261,0.998015873,0.998015873
75.860266,0.998015873,0.998015873
75.86227,0.998015873,0.998015873
75.864274,0.998015873,0.998015873
75.866277,0.998015873,0.998015873
75.86828,0.998015873,0.998015873
75.870282,0.998015873,0.998015873
75.872293,0.998015873,0.998015873
75.874346,0.998015873,0.998015873
75.876348,0.998015873,0.998015873
75.878351,0.998015873,0.998015873
75.880354,0.998015873,0.998015873
75.882359,0.998015873,0.998015873
75.884367,0.998015873,0.998015873
75.88639,0.998015873,0.998015873
75.8884,0.998015873,0.998015873
75.890474,0.998015873,0.998015873
75.892486,0.998015873,0.998015873
75.894493,0.998015873,0.998015873
75.896496,0.998015873,0.998015873
75.898506,0.998015873,0.998015873
75.900515,0.998015873,0.998015873
75.902516,0.998015873,0.998015873
75.904523,0.998015873,0.998015873
75.906592,0.998015873,0.998015873
75.908598,0.998015873,0.998015873
75.910604,0.998015873,0.998015873
75.912613,0.998015873,0.998015873
75.914619,0.998015873,0.998015873
75.916623,0.998015873,0.998015873
75.918623,0.998015873,0.998015873
75.920631,0.998015873,0.998015873
75.922708,0.998015873,0.998015873
75.92471,0.998015873,0.998015873
75.926716,0.998015873,0.998015873
75.928722,0.998015873,0.998015873
75.930723,0.998015873,0.998015873
75.932725,0.998015873,0.998015873
75.934729,0.998015873,0.998015873
75.93674,0.998015873,0.998015873
75.938825,0.998015873,0.998015873
75.940833,0.998015873,0.998015873
75.94284,0.998015873,0.998015873
75.944847,0.998015873,0.998015873
75.946857,0.998015873,0.998015873
75.948863,0.998015873,0.998015873
75.950866,0.998015873,0.998015873
75.952867,0.998015873,0.998015873
75.954943,0.998015873,0.998015873
75.956943,0.998015873,0.998015873
75.958949,0.998015873,0.998015873
75.960956,0.998015873,0.998015873
75.962993,0.998015873,0.998015873
75.965016,0.998015873,0.998015873
75.967025,0.998015873,0.998015873
75.969031,0.998015873,0.998015873
75.971056,0.998015873,0.998015873
75.973065,0.998015873,0.998015873
75.975074,0.998015873,0.998015873
75.977084,0.998015873,0.998015873
75.979085,0.998015873,0.998015873
75.981095,0.998015873,0.998015873
75.983097,0.998015873,0.998015873
75.985099,0.998015873,0.998015873
75.987186,0.998015873,0.998015873
75.989194,0.998015873,0.998015873
75.991196,0.998015873,0.998015873
75.993198,0.998015873,0.998015873
75.995208,0.998015873,0.998015873
75.997211,0.998015873,0.998015873
75.999221,0.998015873,0.998015873
76.001227,0.998015873,0.998015873
76.003312,0.998015873,0.998015873
76.005316,0.998015873,0.998015873
76.007324,0.998015873,0.998015873
76.009331,0.998015873,0.998015873
76.011338,0.998015873,0.998015873
76.013361,0.998015873,0.998015873
76.015363,0.998015873,0.998015873
76.017365,0.998015873,0.998015873
76.019413,0.998015873,0.998015873
76.021417,0.998015873,0.998015873
76.02342,0.998015873,0.998015873
76.025422,0.998015873,0.998015873
76.027427,0.998015873,0.998015873
76.029432,0.998015873,0.998015873
76.031436,0.998015873,0.998015873
76.03344,0.998015873,0.998015873
76.035528,0.998015873,0.998015873
76.037532,0.998015873,0.998015873
76.03954,0.998015873,0.998015873
76.041551,0.998015873,0.998015873
76.043551,0.998015873,0.998015873
76.045556,0.998015873,0.998015873
76.047556,0.998015873,0.998015873
76.049558,0.998015873,0.998015873
76.051561,0.998015873,0.998015873
76.053574,0.998015873,0.998015873
76.055577,0.998015873,0.998015873
76.057587,0.998015873,0.998015873
76.059593,0.998015873,0.998015873
76.061595,0.998015873,0.998015873
76.063602,0.998015873,0.998015873
76.065606,0.998015873,0.998015873
76.067607,0.998015873,0.998015873
76.069609,0.998015873,0.998015873
76.071619,0.998015873,0.998015873
76.07362,0.998015873,0.998015873
76.075629,0.998015873,0.998015873
76.077684,0.998015873,0.998015873
76.079687,0.998015873,0.998015873
76.081692,0.998015873,0.998015873
76.083699,0.998015873,0.998015873
76.085704,0.998015873,0.998015873
76.087708,0.998015873,0.998015873
76.089724,0.998015873,0.998015873
76.091733,0.998015873,0.998015873
76.093814,0.998015873,0.998015873
76.095824,0.998015873,0.998015873
76.097825,0.998015873,0.998015873
76.099838,0.998015873,0.998015873
76.101843,0.998015873,0.998015873
76.103853,0.998015873,0.998015873
76.105855,0.998015873,0.998015873
76.107856,0.998015873,0.998015873
76.109944,0.998015873,0.998015873
76.111946,0.998015873,0.998015873
76.113955,0.998015873,0.998015873
76.115973,0.998015873,0.998015873
76.117981,0.998015873,0.998015873
76.11999,0.998015873,0.998015873
76.122007,0.998015873,0.998015873
76.124014,0.998015873,0.998015873
76.126045,0.998015873,0.998015873
76.128054,0.998015873,0.998015873
76.130059,0.998015873,0.998015873
76.132069,0.998015873,0.998015873
76.134073,0.998015873,0.998015873
76.136073,0.998015873,0.998015873
76.138083,0.998015873,0.998015873
76.140088,0.998015873,0.998015873
76.142167,0.998015873,0.998015873
76.144172,0.998015873,0.998015873
76.146172,0.998015873,0.998015873
76.148181,0.998015873,0.998015873
76.150185,0.998015873,0.998015873
76.152193,0.998015873,0.998015873
76.154196,0.998015873,0.998015873
76.156206,0.998015873,0.998015873
76.158284,0.998015873,0.998015873
76.160314,0.998015873,0.998015873
76.162321,0.998015873,0.998015873
76.164324,0.998015873,0.998015873
76.166326,0.998015873,0.998015873
76.168335,0.998015873,0.998015873
76.17034,0.998015873,0.998015873
76.172353,0.998015873,0.998015873
76.174404,0.998015873,0.998015873
76.176412,0.998015873,0.998015873
76.178413,0.998015873,0.998015873
76.180434,0.998015873,0.998015873
76.182444,0.998015873,0.998015873
76.184449,0.998015873,0.998015873
76.18646,0.998015873,0.998015873
76.188472,0.998015873,0.998015873
76.19051,0.998015873,0.998015873
76.192516,0.998015873,0.998015873
76.194524,0.998015873,0.998015873
76.19653,0.998015873,0.998015873
76.198531,0.998015873,0.998015873
76.200561,0.998015873,0.998015873
76.202566,0.998015873,0.998015873
76.204572,0.998015873,0.998015873
76.206639,0.998015873,0.998015873
76.208645,0.998015873,0.998015873
76.21065,0.998015873,0.998015873
76.212657,0.998015873,0.998015873
76.214657,0.998015873,0.998015873
76.216659,0.998015873,0.998015873
76.218663,0.998015873,0.998015873
76.22067,0.998015873,0.998015873
76.222764,0.998015873,0.998015873
76.224769,0.998015873,0.998015873
76.226773,0.998015873,0.998015873
76.22878,0.998015873,0.998015873
76.23078,0.998046398,0.998046398
76.232783,0.998046398,0.998046398
76.234791,0.998046398,0.998046398
76.236792,0.998046398,0.998046398
76.238866,0.998046398,0.998046398
76.240867,0.998046398,0.998046398
76.242879,0.998046398,0.998046398
76.244888,0.998046398,0.998046398
76.246894,0.998046398,0.998046398
76.248905,0.998046398,0.998046398
76.250909,0.998046398,0.998046398
76.25291,0.998046398,0.998046398
76.254992,0.998046398,0.998046398
76.257004,0.998046398,0.998046398
76.259009,0.998046398,0.998046398
76.261017,0.998046398,0.998046398
76.263019,0.998046398,0.998046398
76.265025,0.998046398,0.998046398
76.267032,0.998046398,0.998046398
76.269041,0.998046398,0.998046398
76.271109,0.998046398,0.998046398
76.273109,0.998046398,0.998046398
76.275111,0.998046398,0.998046398
76.277112,0.998046398,0.998046398
76.279117,0.998046398,0.998046398
76.281121,0.998046398,0.998046398
76.283125,0.998046398,0.998046398
76.28513,0.998046398,0.998046398
76.287132,0.998046398,0.998046398
76.289142,0.998046398,0.998046398
76.29115,0.998046398,0.998046398
76.293157,0.998046398,0.998046398
76.295159,0.998046398,0.998046398
76.297166,0.998046398,0.998046398
76.29917,0.998046398,0.998046398
76.301175,0.998046398,0.998046398
76.303182,0.998046398,0.998046398
76.305187,0.998046398,0.998046398
76.307191,0.998046398,0.998046398
76.309196,0.998046398,0.998046398
76.311203,0.998046398,0.998046398
76.313272,0.998046398,0.998046398
76.315272,0.998046398,0.998046398
76.317276,0.998046398,0.998046398
76.319281,0.998046398,0.998046398
76.321284,0.998046398,0.998046398
76.323293,0.998046398,0.998046398
76.325298,0.998046398,0.998046398
76.327302,0.998046398,0.998046398
76.329386,0.998046398,0.998046398
76.331395,0.998046398,0.998046398
76.333397,0.998046398,0.998046398
76.335403,0.998046398,0.998046398
76.337407,0.998046398,0.998046398
76.339414,0.998046398,0.998046398
76.341421,0.998046398,0.998046398
76.343421,0.998046398,0.998046398
76.345501,0.998046398,0.998046398
76.347502,0.998046398,0.998046398
76.349502,0.998046398,0.998046398
76.35151,0.998046398,0.998046398
76.353516,0.998046398,0.998046398
76.355522,0.998046398,0.998046398
76.357526,0.998046398,0.998046398
76.359536,0.998046398,0.998046398
76.361622,0.998046398,0.998046398
76.363627,0.998046398,0.998046398
76.365635,0.998046398,0.998046398
76.367643,0.998046398,0.998046398
76.369646,0.998046398,0.998046398
76.371649,0.998046398,0.998046398
76.373653,0.998046398,0.998046398
76.375659,0.998076923,0.998076923
76.37774,0.998076923,0.998076923
76.379747,0.998076923,0.998076923
76.381749,0.998076923,0.998076923
76.383751,0.998076923,0.998076923
76.385759,0.998076923,0.998076923
76.387768,0.998076923,0.998076923
76.389769,0.998076923,0.998076923
76.391775,0.998076923,0.998076923
76.393862,0.998076923,0.998076923
76.395863,0.998076923,0.998076923
76.397889,0.998076923,0.998076923
76.399892,0.998076923,0.998076923
76.401892,0.998076923,0.998076923
76.403892,0.998076923,0.998076923
76.405904,0.998076923,0.998076923
76.407933,0.998076923,0.998076923
76.409981,0.998076923,0.998076923
76.411991,0.998076923,0.998076923
76.413999,0.998076923,0.998076923
76.416004,0.998076923,0.998076923
76.418011,0.998076923,0.998076923
76.420024,0.998076923,0.998076923
76.422025,0.998076923,0.998076923
76.424031,0.998076923,0.998076923
76.426097,0.998076923,0.998076923
76.428103,0.998076923,0.998076923
76.430105,0.998076923,0.998076923
76.432105,0.998107448,0.998107448
76.434105,0.998107448,0.998107448
76.436108,0.998107448,0.998107448
76.438109,0.998107448,0.998107448
76.44011,0.998107448,0.998107448
76.442111,0.998107448,0.998107448
76.44411,0.998107448,0.998107448
76.446113,0.998107448,0.998107448
76.448115,0.998107448,0.998107448
76.450124,0.998107448,0.998107448
76.452137,0.998107448,0.998107448
76.454149,0.998107448,0.998107448
76.45615,0.998137973,0.998137973
76.458175,0.998137973,0.998137973
76.46018,0.998137973,0.998137973
76.462184,0.998137973,0.998137973
76.464187,0.998137973,0.998137973
76.466194,0.998137973,0.998137973
76.46825,0.998137973,0.998137973
76.470259,0.998137973,0.998137973
76.472259,0.998137973,0.998137973
76.47426,0.998137973,0.998137973
76.476259,0.998168498,0.998168498
76.478261,0.998168498,0.998168498
76.480273,0.998168498,0.998168498
76.482282,0.998168498,0.998168498
76.484357,0.998168498,0.998168498
76.486285,0.998168498,0.998168498
76.488289,0.998168498,0.998168498
76.490295,0.998168498,0.998168498
76.492296,0.998168498,0.998168498
76.494304,0.998168498,0.998168498
76.496311,0.998199023,0.998199023
76.498312,0.998199023,0.998199023
76.500316,0.998199023,0.998199023
76.502319,0.998199023,0.998199023
76.504329,0.998199023,0.998199023
76.506338,0.998199023,0.998199023
76.508347,0.998199023,0.998199023
76.510411,0.998199023,0.998199023
76.512412,0.998199023,0.998199023
76.514419,0.998199023,0.998199023
76.516427,0.998199023,0.998199023
76.51843,0.998199023,0.998199023
76.52044,0.998199023,0.998199023
76.522441,0.998199023,0.998199023
76.524446,0.998229548,0.998229548
76.526523,0.998229548,0.998229548
76.528549,0.998229548,0.998229548
76.530557,0.998229548,0.998229548
76.532557,0.998229548,0.998229548
76.534558,0.998229548,0.998229548
76.536564,0.998229548,0.998229548
76.538585,0.998229548,0.998229548
76.540589,0.998229548,0.998229548
76.54265,0.998229548,0.998229548
76.544659,0.998229548,0.998229548
76.546663,0.998229548,0.998229548
76.548672,0.998229548,0.998229548
76.550681,0.998260073,0.998260073
76.552687,0.998260073,0.998260073
76.554691,0.998260073,0.998260073
76.5567,0.998260073,0.998260073
76.558769,0.998260073,0.998260073
76.560776,0.998260073,0.998260073
76.562787,0.998260073,0.998260073
76.564793,0.998260073,0.998260073
76.566793,0.998260073,0.998260073
76.56881,0.998260073,0.998260073
76.570816,0.998260073,0.998260073
76.572821,0.998260073,0.998260073
76.574881,0.998260073,0.998260073
76.576886,0.998260073,0.998260073
76.578898,0.998290598,0.998290598
76.580899,0.998290598,0.998290598
76.582907,0.998290598,0.998290598
76.584909,0.998290598,0.998290598
76.58691,0.998290598,0.998290598
76.588913,0.998290598,0.998290598
76.590996,0.998290598,0.998290598
76.593006,0.998290598,0.998290598
76.595032,0.998290598,0.998290598
76.597044,0.998290598,0.998290598
76.599046,0.998290598,0.998290598
76.601048,0.998290598,0.998290598
76.605067,0.998290598,0.998290598
76.607117,0.998290598,0.998290598
76.609118,0.998290598,0.998290598
76.611125,0.998290598,0.998290598
76.613132,0.998290598,0.998290598
76.615135,0.998290598,0.998290598
76.617145,0.998290598,0.998290598
76.619148,0.998290598,0.998290598
76.621156,0.998290598,0.998290598
76.623232,0.998290598,0.998290598
76.625237,0.998290598,0.998290598
76.627252,0.998290598,0.998290598
76.629253,0.998290598,0.998290598
76.631259,0.998290598,0.998290598
76.633262,0.998290598,0.998290598
76.635265,0.998290598,0.998290598
76.637272,0.998290598,0.998290598
76.639347,0.998290598,0.998290598
76.641356,0.998290598,0.998290598
76.643364,0.998290598,0.998290598
76.645379,0.998290598,0.998290598
76.647382,0.998290598,0.998290598
76.649391,0.998290598,0.998290598
76.651395,0.998290598,0.998290598
76.653402,0.998260073,0.998260073
76.655498,0.998260073,0.998260073
76.657503,0.998260073,0.998260073
76.659512,0.998260073,0.998260073
76.661522,0.998260073,0.998260073
76.663522,0.998260073,0.998260073
76.665532,0.998260073,0.998260073
76.667537,0.998260073,0.998260073
76.669548,0.998260073,0.998260073
76.671585,0.998229548,0.998229548
76.673594,0.998229548,0.998229548
76.675599,0.998199023,0.998199023
76.677608,0.998199023,0.998199023
76.679611,0.998168498,0.998168498
76.681617,0.998137973,0.998137973
76.683625,0.998107448,0.998107448
76.685645,0.998046398,0.998046398
76.687708,0.997985348,0.997985348
76.689715,0.997954823,0.997954823
76.691719,0.997863248,0.997863248
76.693721,0.997802198,0.997802198
76.69573,0.997710623,0.997710623
76.697736,0.997619048,0.997619048
76.69974,0.997557998,0.997557998
76.701744,0.997435897,0.997435897
76.703827,0.997313797,0.997313797
76.70583,0.997252747,0.997252747
76.70783,0.997161172,0.997161172
76.709834,0.997100122,0.997100122
76.711836,0.996978022,0.996978022
76.713841,0.996886447,0.996886447
76.715843,0.996855922,0.996855922
76.717847,0.996764347,0.996764347
76.719854,0.996703297,0.996703297
76.721857,0.996642247,0.996642247
76.723861,0.996550672,0.996550672
76.725869,0.996520147,0.996520147
76.727871,0.996459096,0.996459096
76.729882,0.996367521,0.996367521
76.731891,0.996336996,0.996336996
76.733899,0.996245421,0.996245421
76.73591,0.996214896,0.996214896
76.737921,0.996153846,0.996153846
76.739922,0.996062271,0.996062271
76.741932,0.996001221,0.996001221
76.743943,0.995909646,0.995909646
76.745991,0.995818071,0.995818071
76.747996,0.995787546,0.995787546
76.750021,0.995665446,0.995665446
76.752024,0.995634921,0.995634921
76.754031,0.995512821,0.995512821
76.756033,0.99539072,0.99539072
76.758033,0.99532967,0.99532967
76.760043,0.99520757,0.99520757
76.762099,0.99508547,0.99508547
76.764107,0.994993895,0.994993895
76.766109,0.99484127,0.99484127
76.768116,0.99478022,0.99478022
76.770119,0.994627595,0.994627595
76.772121,0.994474969,0.994474969
76.774129,0.994413919,0.994413919
76.776131,0.994261294,0.994261294
76.778138,0.994200244,0.994200244
76.780151,0.994047619,0.994047619
76.782166,0.993925519,0.993925519
76.784172,0.993864469,0.993864469
76.786173,0.993742369,0.993742369
76.788177,0.993620269,0.993620269
76.790188,0.993589744,0.993589744
76.792195,0.993467643,0.993467643
76.794198,0.993437118,0.993437118
76.796207,0.993315018,0.993315018
76.798208,0.993223443,0.993223443
76.800215,0.993192918,0.993192918
76.802224,0.993131868,0.993131868
76.804268,0.993040293,0.993040293
76.806274,0.993009768,0.993009768
76.808284,0.992948718,0.992948718
76.810291,0.992918193,0.992918193
76.812299,0.992857143,0.992857143
76.814304,0.992765568,0.992765568
76.81631,0.992735043,0.992735043
76.81831,0.992704518,0.992704518
76.820386,0.992643468,0.992643468
76.822395,0.992643468,0.992643468
76.824405,0.992612943,0.992612943
76.826408,0.992582418,0.992582418
76.828409,0.992582418,0.992582418
76.830414,0.992582418,0.992582418
76.832415,0.992582418,0.992582418
76.834423,0.992582418,0.992582418
76.83651,0.992582418,0.992582418
76.838513,0.992582418,0.992582418
76.840513,0.992582418,0.992582418
76.842514,0.992582418,0.992582418
76.844519,0.992582418,0.992582418
76.84652,0.992582418,0.992582418
76.848521,0.992582418,0.992582418
76.850528,0.992582418,0.992582418
76.85253,0.992582418,0.992582418
76.854536,0.992612943,0.992612943
76.856538,0.992612943,0.992612943
76.858543,0.992612943,0.992612943
76.860547,0.992612943,0.992612943
76.862559,0.992612943,0.992612943
76.864567,0.992612943,0.992612943
76.866574,0.992612943,0.992612943
76.868583,0.992612943,0.992612943
76.870588,0.992643468,0.992643468
76.872592,0.992643468,0.992643468
76.874597,0.992643468,0.992643468
76.876621,0.992643468,0.992643468
76.878665,0.992643468,0.992643468
76.880668,0.992643468,0.992643468
76.882673,0.992643468,0.992643468
76.884675,0.992673993,0.992673993
76.890693,0.992673993,0.992673993
76.892694,0.992673993,0.992673993
76.894778,0.992673993,0.992673993
76.896778,0.992704518,0.992704518
76.898784,0.992704518,0.992704518
76.900793,0.992704518,0.992704518
76.902794,0.992704518,0.992704518
76.904794,0.992704518,0.992704518
76.906795,0.992704518,0.992704518
76.908798,0.992735043,0.992735043
76.910802,0.992735043,0.992735043
76.912807,0.992735043,0.992735043
76.914817,0.992735043,0.992735043
76.916828,0.992735043,0.992735043
76.918836,0.992735043,0.992735043
76.920845,0.992765568,0.992765568
76.922855,0.992765568,0.992765568
76.924867,0.992765568,0.992765568
76.926868,0.992796093,0.992796093
76.928869,0.992796093,0.992796093
76.930877,0.992826618,0.992826618
76.932889,0.992826618,0.992826618
76.9349,0.992857143,0.992857143
76.936937,0.992887668,0.992887668
76.938943,0.992918193,0.992918193
76.940946,0.992979243,0.992979243
76.942953,0.993009768,0.993009768
76.944955,0.993070818,0.993070818
76.946967,0.993131868,0.993131868
76.948967,0.993162393,0.993162393
76.950974,0.993253968,0.993253968
76.953051,0.993315018,0.993315018
76.95506,0.993376068,0.993376068
76.957064,0.993467643,0.993467643
76.959074,0.993498168,0.993498168
76.961081,0.993589744,0.993589744
76.963085,0.993681319,0.993681319
76.965091,0.993711844,0.993711844
76.967093,0.993803419,0.993803419
76.969173,0.993894994,0.993894994
76.971179,0.993925519,0.993925519
76.973184,0.994017094,0.994017094
76.975191,0.994078144,0.994078144
76.977192,0.994169719,0.994169719
76.979201,0.994261294,0.994261294
76.981204,0.994322344,0.994322344
76.983206,0.994413919,0.994413919
76.985294,0.99453602,0.99453602
76.9873,0.99459707,0.99459707
76.989303,0.994688645,0.994688645
76.991305,0.994749695,0.994749695
76.993308,0.994871795,0.994871795
76.995317,0.99496337,0.99496337
76.997326,0.99502442,0.99502442
76.999329,0.995115995,0.995115995
77.001412,0.99520757,0.99520757
77.003421,0.99526862,0.99526862
77.005429,0.995360195,0.995360195
77.007434,0.99539072,0.99539072
77.009443,0.995482295,0.995482295
77.011451,0.995573871,0.995573871
77.013482,0.995604396,0.995604396
77.015486,0.995695971,0.995695971
77.01753,0.995787546,0.995787546
77.019534,0.995818071,0.995818071
77.021536,0.995909646,0.995909646
77.023544,0.995940171,0.995940171
77.02555,0.996031746,0.996031746
77.02756,0.996092796,0.996092796
77.029571,0.996123321,0.996123321
77.031584,0.996214896,0.996214896
77.033658,0.996275946,0.996275946
77.035662,0.996336996,0.996336996
77.037669,0.996398046,0.996398046
77.03967,0.996459096,0.996459096
77.041674,0.996520147,0.996520147
77.043689,0.996611722,0.996611722
77.045695,0.996642247,0.996642247
77.047696,0.996703297,0.996703297
77.049776,0.996764347,0.996764347
77.051786,0.996794872,0.996794872
77.053792,0.996855922,0.996855922
77.055793,0.996886447,0.996886447
77.057794,0.996947497,0.996947497
77.0598,0.997008547,0.997008547
77.06181,0.997039072,0.997039072
77.063823,0.997069597,0.997069597
77.065901,0.997130647,0.997130647
77.067907,0.997161172,0.997161172
77.069913,0.997191697,0.997191697
77.071923,0.997222222,0.997222222
77.073931,0.997252747,0.997252747
77.075939,0.997283272,0.997283272
77.077951,0.997313797,0.997313797
77.079953,0.997344322,0.997344322
77.082017,0.997374847,0.997374847
77.084017,0.997405372,0.997405372
77.086023,0.997435897,0.997435897
77.088031,0.997466422,0.997466422
77.090038,0.997496947,0.997496947
77.09205,0.997557998,0.997557998
77.094058,0.997557998,0.997557998
77.096062,0.997619048,0.997619048
77.098126,0.997649573,0.997649573
77.100151,0.997680098,0.997680098
77.102151,0.997710623,0.997710623
77.104156,0.997741148,0.997741148
77.106159,0.997771673,0.997771673
77.10817,0.997802198,0.997802198
77.110196,0.997832723,0.997832723
77.112201,0.997863248,0.997863248
77.114251,0.997924298,0.997924298
77.116251,0.997954823,0.997954823
77.118254,0.997985348,0.997985348
77.120259,0.998015873,0.998015873
77.122265,0.998046398,0.998046398
77.124272,0.998076923,0.998076923
77.126272,0.998107448,0.998107448
77.128273,0.998137973,0.998137973
77.130363,0.998168498,0.998168498
77.132371,0.998199023,0.998199023
77.134381,0.998229548,0.998229548
77.136385,0.998229548,0.998229548
77.138392,0.998260073,0.998260073
77.1404,0.998290598,0.998290598
77.142405,0.998290598,0.998290598
77.144414,0.998290598,0.998290598
77.146481,0.998290598,0.998290598
77.148491,0.998290598,0.998290598
77.150497,0.998290598,0.998290598
77.152508,0.998290598,0.998290598
77.154513,0.998260073,0.998260073
77.15652,0.998260073,0.998260073
77.158522,0.998229548,0.998229548
77.16053,0.998199023,0.998199023
77.162604,0.998168498,0.998168498
77.166615,0.998076923,0.998076923
77.168617,0.998076923,0.998076923
77.170626,0.998015873,0.998015873
77.172637,0.997954823,0.997954823
77.174637,0.997954823,0.997954823
77.176645,0.997893773,0.997893773
77.178723,0.997863248,0.997863248
77.180734,0.997832723,0.997832723
77.18274,0.997802198,0.997802198
77.184748,0.997802198,0.997802198
77.18675,0.997771673,0.997771673
77.188751,0.997741148,0.997741148
77.190757,0.997741148,0.997741148
77.192759,0.997741148,0.997741148
77.194833,0.997741148,0.997741148
77.196835,0.997741148,0.997741148
77.19884,0.997741148,0.997741148
77.200841,0.997741148,0.997741148
77.202844,0.997710623,0.997710623
77.20485,0.997710623,0.997710623
77.206853,0.997710623,0.997710623
77.208865,0.997710623,0.997710623
77.210868,0.997710623,0.997710623
77.21287,0.997710623,0.997710623
77.214879,0.997710623,0.997710623
77.216882,0.997710623,0.997710623
77.218883,0.997710623,0.997710623
77.220885,0.997710623,0.997710623
77.222894,0.997710623,0.997710623
77.224903,0.997710623,0.997710623
77.22691,0.997710623,0.997710623
77.228914,0.997710623,0.997710623
77.230914,0.997710623,0.997710623
77.232921,0.997710623,0.997710623
77.234925,0.997710623,0.997710623
77.23699,0.997710623,0.997710623
77.238991,0.997710623,0.997710623
77.240997,0.997710623,0.997710623
77.24301,0.997710623,0.997710623
77.245022,0.997710623,0.997710623
77.247028,0.997710623,0.997710623
77.249033,0.997710623,0.997710623
77.251042,0.997680098,0.997680098
77.253108,0.997680098,0.997680098
77.255113,0.997680098,0.997680098
77.257118,0.997680098,0.997680098
77.259125,0.997680098,0.997680098
77.261132,0.997680098,0.997680098
77.263145,0.997680098,0.997680098
77.265147,0.997680098,0.997680098
77.267151,0.997649573,0.997649573
77.269232,0.997649573,0.997649573
77.271235,0.997649573,0.997649573
77.273239,0.997649573,0.997649573
77.275242,0.997649573,0.997649573
77.277243,0.997649573,0.997649573
77.279255,0.997619048,0.997619048
77.281256,0.997619048,0.997619048
77.283262,0.997619048,0.997619048
77.285348,0.997619048,0.997619048
77.287363,0.997619048,0.997619048
77.289366,0.997619048,0.997619048
77.291369,0.997619048,0.997619048
77.293373,0.997619048,0.997619048
77.295375,0.997619048,0.997619048
77.297399,0.997619048,0.997619048
77.299403,0.997619048,0.997619048
77.301468,0.997619048,0.997619048
77.303478,0.997619048,0.997619048
77.305486,0.997619048,0.997619048
77.307494,0.997619048,0.997619048
77.309496,0.997619048,0.997619048
77.311505,0.997619048,0.997619048
77.313509,0.997619048,0.997619048
77.31551,0.997619048,0.997619048
77.317586,0.997619048,0.997619048
77.319589,0.997619048,0.997619048
77.321602,0.997619048,0.997619048
77.323609,0.997619048,0.997619048
77.325616,0.997619048,0.997619048
77.327641,0.997619048,0.997619048
77.329644,0.997619048,0.997619048
77.331649,0.997619048,0.997619048
77.333701,0.997619048,0.997619048
77.335705,0.997619048,0.997619048
77.337707,0.997649573,0.997649573
77.339706,0.997649573,0.997649573
77.341712,0.997649573,0.997649573
77.343718,0.997680098,0.997680098
77.345719,0.997680098,0.997680098
77.347726,0.997680098,0.997680098
77.349732,0.997710623,0.997710623
77.351734,0.997741148,0.997741148
77.353736,0.997771673,0.997771673
77.35574,0.997771673,0.997771673
77.35776,0.997832723,0.997832723
77.359761,0.997863248,0.997863248
77.361763,0.997893773,0.997893773
77.363772,0.997924298,0.997924298
77.365779,0.997954823,0.997954823
77.367797,0.997985348,0.997985348
77.369804,0.998046398,0.998046398
77.371809,0.998046398,0.998046398
77.373822,0.998076923,0.998076923
77.375855,0.998137973,0.998137973
77.379873,0.998168498,0.998168498
77.381885,0.998199023,0.998199023
77.383896,0.998229548,0.998229548
77.385903,0.998229548,0.998229548
77.387913,0.998260073,0.998260073
77.389924,0.998260073,0.998260073
77.391968,0.998290598,0.998290598
77.393971,0.998290598,0.998290598
77.395973,0.998290598,0.998290598
77.397979,0.998290598,0.998290598
77.399983,0.998290598,0.998290598
77.401991,0.998260073,0.998260073
77.403997,0.998260073,0.998260073
77.406003,0.998229548,0.998229548
77.408006,0.998229548,0.998229548
77.410009,0.998199023,0.998199023
77.412011,0.998137973,0.998137973
77.414021,0.998137973,0.998137973
77.416026,0.998076923,0.998076923
77.418036,0.998015873,0.998015873
77.420048,0.997985348,0.997985348
77.422056,0.997924298,0.997924298
77.424059,0.997893773,0.997893773
77.426067,0.997802198,0.997802198
77.42807,0.997741148,0.997741148
77.430077,0.997680098,0.997680098
77.432086,0.997619048,0.997619048
77.434125,0.997527473,0.997527473
77.436127,0.997466422,0.997466422
77.438129,0.997374847,0.997374847
77.440142,0.997344322,0.997344322
77.442144,0.997252747,0.997252747
77.444146,0.997161172,0.997161172
77.446157,0.997100122,0.997100122
77.44816,0.997008547,0.997008547
77.450163,0.996947497,0.996947497
77.45217,0.996855922,0.996855922
77.454181,0.996764347,0.996764347
77.456189,0.996703297,0.996703297
77.458193,0.996611722,0.996611722
77.460201,0.996489621,0.996489621
77.462207,0.996459096,0.996459096
77.464219,0.996336996,0.996336996
77.466219,0.996275946,0.996275946
77.468223,0.996184371,0.996184371
77.470223,0.996062271,0.996062271
77.474239,0.995848596,0.995848596
77.476292,0.995726496,0.995726496
77.478337,0.995634921,0.995634921
77.480341,0.995482295,0.995482295
77.482353,0.99539072,0.99539072
77.484358,0.995238095,0.995238095
77.486362,0.99502442,0.99502442
77.488382,0.994932845,0.994932845
77.490388,0.994749695,0.994749695
77.492419,0.99453602,0.99453602
77.494424,0.994413919,0.994413919
77.496429,0.994169719,0.994169719
77.498457,0.994047619,0.994047619
77.500472,0.993803419,0.993803419
77.502478,0.993559219,0.993559219
77.504492,0.993437118,0.993437118
77.506496,0.993162393,0.993162393
77.508553,0.992887668,0.992887668
77.510561,0.992765568,0.992765568
77.512568,0.992490842,0.992490842
77.514567,0.992338217,0.992338217
77.51657,0.992094017,0.992094017
77.518594,0.991819292,0.991819292
77.520602,0.991697192,0.991697192
77.522603,0.991422466,0.991422466
77.52466,0.991178266,0.991178266
77.526665,0.991025641,0.991025641
77.528673,0.990781441,0.990781441
77.53068,0.990659341,0.990659341
77.532685,0.99041514,0.99041514
77.534689,0.990201465,0.990201465
77.536698,0.990079365,0.990079365
77.538718,0.989835165,0.989835165
77.540768,0.98962149,0.98962149
77.542775,0.989529915,0.989529915
77.544781,0.989285714,0.989285714
77.546786,0.989194139,0.989194139
77.548787,0.988980464,0.988980464
77.550791,0.988766789,0.988766789
77.552794,0.988675214,0.988675214
77.554795,0.988492063,0.988492063
77.556803,0.988369963,0.988369963
77.558816,0.988186813,0.988186813
77.560819,0.988003663,0.988003663
77.562822,0.987912088,0.987912088
77.564827,0.987728938,0.987728938
77.566828,0.987545788,0.987545788
77.568846,0.987454212,0.987454212
77.570848,0.987240537,0.987240537
77.572852,0.987148962,0.987148962
77.574854,0.986965812,0.986965812
77.576855,0.986782662,0.986782662
77.578887,0.986691087,0.986691087
77.580893,0.986477411,0.986477411
77.582936,0.986294261,0.986294261
77.584947,0.986202686,0.986202686
77.586954,0.986050061,0.986050061
77.588963,0.985958486,0.985958486
77.590971,0.985805861,0.985805861
77.592981,0.985653236,0.985653236
77.594985,0.985561661,0.985561661
77.596986,0.98543956,0.98543956
77.599052,0.985347985,0.985347985
77.601061,0.985286935,0.985286935
77.603066,0.985225885,0.985225885
77.605078,0.98519536,0.98519536
77.607086,0.98513431,0.98513431
77.609098,0.98507326,0.98507326
77.611099,0.985042735,0.985042735
77.613106,0.98501221,0.98501221
77.615161,0.984981685,0.984981685
77.617171,0.98495116,0.98495116
77.61917,0.984920635,0.984920635
77.621175,0.984920635,0.984920635
77.623182,0.98489011,0.98489011
77.625193,0.984859585,0.984859585
77.627201,0.984859585,0.984859585
77.629211,0.984859585,0.984859585
77.631292,0.98482906,0.98482906
77.633299,0.98482906,0.98482906
77.63531,0.98482906,0.98482906
77.637311,0.98482906,0.98482906
77.639311,0.98482906,0.98482906
77.64132,0.98482906,0.98482906
77.643329,0.98482906,0.98482906
77.645337,0.98482906,0.98482906
77.647394,0.98482906,0.98482906
77.655423,0.984859585,0.984859585
77.657432,0.984859585,0.984859585
77.65944,0.984859585,0.984859585
77.66145,0.984859585,0.984859585
77.663512,0.984859585,0.984859585
77.665517,0.984859585,0.984859585
77.667517,0.984859585,0.984859585
77.669521,0.984859585,0.984859585
77.67153,0.984859585,0.984859585
77.673532,0.98489011,0.98489011
77.675537,0.98489011,0.98489011
77.677544,0.98489011,0.98489011
77.679629,0.98489011,0.98489011
77.681644,0.98489011,0.98489011
77.683644,0.98489011,0.98489011
77.685651,0.98489011,0.98489011
77.687658,0.98489011,0.98489011
77.689668,0.984920635,0.984920635
77.691675,0.984920635,0.984920635
77.693676,0.984920635,0.984920635
77.695753,0.984920635,0.984920635
77.697758,0.984920635,0.984920635
77.699766,0.984920635,0.984920635
77.701771,0.984920635,0.984920635
77.703778,0.98495116,0.98495116
77.70578,0.98495116,0.98495116
77.707789,0.98495116,0.98495116
77.709798,0.98495116,0.98495116
77.711869,0.98495116,0.98495116
77.713874,0.98495116,0.98495116
77.715889,0.984981685,0.984981685
77.717897,0.984981685,0.984981685
77.719898,0.984981685,0.984981685
77.721906,0.98501221,0.98501221
77.723911,0.98501221,0.98501221
77.725922,0.985042735,0.985042735
77.727985,0.985042735,0.985042735
77.729989,0.98507326,0.98507326
77.731998,0.98507326,0.98507326
77.734001,0.985103785,0.985103785
77.736006,0.98513431,0.98513431
77.738016,0.98513431,0.98513431
77.740021,0.985164835,0.985164835
77.742022,0.98519536,0.98519536
77.744098,0.985225885,0.985225885
77.746101,0.98525641,0.98525641
77.748111,0.985286935,0.985286935
77.750112,0.985286935,0.985286935
77.752113,0.985347985,0.985347985
77.75412,0.98537851,0.98537851
77.756124,0.98537851,0.98537851
77.758133,0.985409035,0.985409035
77.760209,0.985470085,0.985470085
77.762213,0.985470085,0.985470085
77.764223,0.985500611,0.985500611
77.766224,0.985531136,0.985531136
77.768224,0.985561661,0.985561661
77.770228,0.985592186,0.985592186
77.772229,0.985622711,0.985622711
77.77424,0.985653236,0.985653236
77.776241,0.985683761,0.985683761
77.778251,0.985714286,0.985714286
77.780256,0.985744811,0.985744811
77.78226,0.985775336,0.985775336
77.784261,0.985805861,0.985805861
77.786288,0.985866911,0.985866911
77.788294,0.985866911,0.985866911
77.790305,0.985958486,0.985958486
77.792311,0.985989011,0.985989011
77.794312,0.986080586,0.986080586
77.796337,0.986202686,0.986202686
77.79834,0.986263736,0.986263736
77.800348,0.986355311,0.986355311
77.802366,0.986477411,0.986477411
77.804373,0.986538462,0.986538462
77.806381,0.986691087,0.986691087
77.808386,0.986782662,0.986782662
77.810396,0.986935287,0.986935287
77.818479,0.987576313,0.987576313
77.820487,0.987667888,0.987667888
77.822488,0.987851038,0.987851038
77.824498,0.987942613,0.987942613
77.826511,0.988125763,0.988125763
77.828511,0.988308913,0.988308913
77.830519,0.988400488,0.988400488
77.832521,0.988583639,0.988583639
77.834603,0.988766789,0.988766789
77.836608,0.988827839,0.988827839
77.838612,0.988980464,0.988980464
77.840616,0.989041514,0.989041514
77.842619,0.989163614,0.989163614
77.844624,0.989285714,0.989285714
77.846634,0.989316239,0.989316239
77.848643,0.989377289,0.989377289
77.850714,0.989407814,0.989407814
77.852716,0.989438339,0.989438339
77.854727,0.989468864,0.989468864
77.856728,0.989468864,0.989468864
77.858728,0.989468864,0.989468864
77.860742,0.989468864,0.989468864
77.862751,0.989468864,0.989468864
77.864756,0.989468864,0.989468864
77.866825,0.989499389,0.989499389
77.868837,0.989499389,0.989499389
77.870843,0.989499389,0.989499389
77.872856,0.989499389,0.989499389
77.87486,0.989499389,0.989499389
77.876862,0.989499389,0.989499389
77.87887,0.989499389,0.989499389
77.88088,0.989529915,0.989529915
77.882973,0.989529915,0.989529915
77.884975,0.989529915,0.989529915
77.886985,0.989529915,0.989529915
77.888994,0.989529915,0.989529915
77.891003,0.98956044,0.98956044
77.893037,0.98956044,0.98956044
77.895038,0.989590965,0.989590965
77.897048,0.98962149,0.98962149
77.901068,0.98968254,0.98968254
77.903091,0.98974359,0.98974359
77.9051,0.989774115,0.989774115
77.907107,0.98986569,0.98986569
77.909114,0.989957265,0.989957265
77.911124,0.990018315,0.990018315
77.913135,0.990140415,0.990140415
77.915178,0.990262515,0.990262515
77.917184,0.990323565,0.990323565
77.919192,0.990445665,0.990445665
77.921194,0.990506716,0.990506716
77.923195,0.990659341,0.990659341
77.925202,0.990811966,0.990811966
77.927208,0.990903541,0.990903541
77.929213,0.991117216,0.991117216
77.931299,0.991330891,0.991330891
77.933307,0.991422466,0.991422466
77.93531,0.991666667,0.991666667
77.937311,0.991758242,0.991758242
77.93932,0.992002442,0.992002442
77.941327,0.992246642,0.992246642
77.943335,0.992338217,0.992338217
77.945336,0.992582418,0.992582418
77.94742,0.992796093,0.992796093
77.949423,0.992887668,0.992887668
77.95143,0.993101343,0.993101343
77.953436,0.993192918,0.993192918
77.955446,0.993406593,0.993406593
77.957454,0.993589744,0.993589744
77.959459,0.993711844,0.993711844
77.961464,0.993894994,0.993894994
77.963521,0.994078144,0.994078144
77.965533,0.994139194,0.994139194
77.967534,0.994322344,0.994322344
77.969568,0.994413919,0.994413919
77.971577,0.994566545,0.994566545
77.973587,0.994688645,0.994688645
77.975591,0.994749695,0.994749695
77.977601,0.99490232,0.99490232
77.979675,0.99502442,0.99502442
77.981678,0.995054945,0.995054945
77.983679,0.995177045,0.995177045
77.985684,0.995238095,0.995238095
77.987696,0.99532967,0.99532967
77.989744,0.99545177,0.99545177
77.991753,0.995482295,0.995482295
77.99376,0.995573871,0.995573871
77.995766,0.995665446,0.995665446
77.997775,0.995695971,0.995695971
77.99978,0.995787546,0.995787546
78.001787,0.995818071,0.995818071
78.003791,0.995909646,0.995909646
78.005795,0.996001221,0.996001221
78.007798,0.996062271,0.996062271
78.009831,0.996153846,0.996153846
78.011871,0.996245421,0.996245421
78.013872,0.996306471,0.996306471
78.01588,0.996398046,0.996398046
78.017882,0.996459096,0.996459096
78.019903,0.996550672,0.996550672
78.021907,0.996642247,0.996642247
78.023915,0.996703297,0.996703297
78.029989,0.996916972,0.996916972
78.031993,0.997008547,0.997008547
78.033998,0.997069597,0.997069597
78.036008,0.997130647,0.997130647
78.040031,0.997283272,0.997283272
78.042036,0.997344322,0.997344322
78.044112,0.997435897,0.997435897
78.046123,0.997496947,0.997496947
78.048129,0.997557998,0.997557998
78.05013,0.997619048,0.997619048
78.052134,0.997680098,0.997680098
78.054134,0.997771673,0.997771673
78.056136,0.997802198,0.997802198
78.062232,0.997985348,0.997985348
78.064236,0.998046398,0.998046398
78.066236,0.998076923,0.998076923
78.068245,0.998107448,0.998107448
78.070251,0.998168498,0.998168498
78.072252,0.998168498,0.998168498
78.074254,0.998199023,0.998199023
78.076332,0.998229548,0.998229548
78.078265,0.998260073,0.998260073
78.08027,0.998260073,0.998260073
78.082275,0.998290598,0.998290598
78.084276,0.998290598,0.998290598
78.086276,0.998290598,0.998290598
78.088285,0.998290598,0.998290598
78.090291,0.998290598,0.998290598
78.092301,0.998290598,0.998290598
78.094308,0.998260073,0.998260073
78.100346,0.998229548,0.998229548
78.102367,0.998199023,0.998199023
78.10437,0.998168498,0.998168498
78.106375,0.998137973,0.998137973
78.108379,0.998137973,0.998137973
78.110388,0.998107448,0.998107448
78.112389,0.998076923,0.998076923
78.114405,0.998046398,0.998046398
78.116406,0.998015873,0.998015873
78.118497,0.997954823,0.997954823
78.120499,0.997954823,0.997954823
78.122508,0.997893773,0.997893773
78.124513,0.997863248,0.997863248
78.126515,0.997832723,0.997832723
78.12852,0.997771673,0.997771673
78.130522,0.997741148,0.997741148
78.132527,0.997710623,0.997710623
78.134597,0.997649573,0.997649573
78.136603,0.997619048,0.997619048
78.138605,0.997557998,0.997557998
78.140604,0.997527473,0.997527473
78.142609,0.997466422,0.997466422
78.14461,0.997405372,0.997405372
78.146617,0.997374847,0.997374847
78.148626,0.997313797,0.997313797
78.150628,0.997283272,0.997283272
78.152637,0.997191697,0.997191697
78.154644,0.997130647,0.997130647
78.156645,0.997100122,0.997100122
78.15865,0.997039072,0.997039072
78.160667,0.996978022,0.996978022
78.162676,0.996947497,0.996947497
78.164687,0.996886447,0.996886447
78.166694,0.996855922,0.996855922
78.168697,0.996794872,0.996794872
78.170703,0.996764347,0.996764347
78.172714,0.996733822,0.996733822
78.174725,0.996703297,0.996703297
78.176757,0.996672772,0.996672772
78.178769,0.996642247,0.996642247
78.180771,0.996611722,0.996611722
78.182776,0.996611722,0.996611722
78.184776,0.996581197,0.996581197
78.186779,0.996550672,0.996550672
78.188791,0.996520147,0.996520147
78.190816,0.996520147,0.996520147
78.19287,0.996489621,0.996489621
78.194875,0.996459096,0.996459096
78.19688,0.996459096,0.996459096
78.198883,0.996459096,0.996459096
78.200892,0.996428571,0.996428571
78.202894,0.996428571,0.996428571
78.204902,0.996398046,0.996398046
78.206908,0.996398046,0.996398046
78.208989,0.996398046,0.996398046
78.210991,0.996398046,0.996398046
78.212999,0.996398046,0.996398046
78.215014,0.996398046,0.996398046
78.21702,0.996398046,0.996398046
78.219028,0.996398046,0.996398046
78.221029,0.996398046,0.996398046
78.223033,0.996398046,0.996398046
78.225095,0.996398046,0.996398046
78.227098,0.996398046,0.996398046
78.229102,0.996428571,0.996428571
78.23111,0.996428571,0.996428571
78.233111,0.996428571,0.996428571
78.23511,0.996428571,0.996428571
78.237112,0.996428571,0.996428571
78.23912,0.996428571,0.996428571
78.241123,0.996428571,0.996428571
78.24313,0.996428571,0.996428571
78.245131,0.996428571,0.996428571
78.24714,0.996428571,0.996428571
78.249141,0.996459096,0.996459096
78.251144,0.996459096,0.996459096
78.253147,0.996459096,0.996459096
78.255157,0.996459096,0.996459096
78.257159,0.996459096,0.996459096
78.259164,0.996459096,0.996459096
78.261172,0.996459096,0.996459096
78.263173,0.996489621,0.996489621
78.265179,0.996489621,0.996489621
78.267246,0.996489621,0.996489621
78.269257,0.996489621,0.996489621
78.271269,0.996489621,0.996489621
78.273274,0.996489621,0.996489621
78.275281,0.996520147,0.996520147
78.277295,0.996520147,0.996520147
78.279298,0.996520147,0.996520147
78.281307,0.996520147,0.996520147
78.283361,0.996520147,0.996520147
78.285363,0.996520147,0.996520147
78.287364,0.996550672,0.996550672
78.289371,0.996550672,0.996550672
78.291379,0.996581197,0.996581197
78.293386,0.996611722,0.996611722
78.295394,0.996611722,0.996611722
78.297395,0.996642247,0.996642247
78.299475,0.996703297,0.996703297
78.301479,0.996733822,0.996733822
78.303486,0.996764347,0.996764347
78.305497,0.996794872,0.996794872
78.307496,0.996855922,0.996855922
78.309505,0.996947497,0.996947497
78.311507,0.996978022,0.996978022
78.313514,0.997039072,0.997039072
78.315601,0.997130647,0.997130647
78.317605,0.997161172,0.997161172
78.319614,0.997252747,0.997252747
78.321616,0.997283272,0.997283272
78.32362,0.997374847,0.997374847
78.325622,0.997466422,0.997466422
78.327634,0.997496947,0.997496947
78.329642,0.997588523,0.997588523
78.331721,0.997680098,0.997680098
78.333725,0.997710623,0.997710623
78.335734,0.997802198,0.997802198
78.337734,0.997832723,0.997832723
78.339741,0.997893773,0.997893773
78.341749,0.997954823,0.997954823
78.343753,0.997985348,0.997985348
78.345761,0.998046398,0.998046398
78.347834,0.998107448,0.998107448
78.34984,0.998137973,0.998137973
78.351843,0.998168498,0.998168498
78.35385,0.998199023,0.998199023
78.355858,0.998229548,0.998229548
78.35786,0.998260073,0.998260073
78.359867,0.998260073,0.998260073
78.361876,0.998290598,0.998290598
78.363946,0.998290598,0.998290598
78.365952,0.998290598,0.998290598
78.367954,0.998290598,0.998290598
78.369964,0.998290598,0.998290598
78.371969,0.998290598,0.998290598
78.373977,0.998260073,0.998260073
78.375979,0.998260073,0.998260073
78.377986,0.998229548,0.998229548
78.380084,0.998199023,0.998199023
78.382086,0.998199023,0.998199023
78.384089,0.998168498,0.998168498
78.386095,0.998137973,0.998137973
78.388099,0.998107448,0.998107448
78.3901,0.998046398,0.998046398
78.392101,0.998046398,0.998046398
78.394111,0.997985348,0.997985348
78.396193,0.997954823,0.997954823
78.398196,0.997924298,0.997924298
78.400197,0.997863248,0.997863248
78.402198,0.997832723,0.997832723
78.404203,0.997802198,0.997802198
78.40621,0.997741148,0.997741148
78.408213,0.997710623,0.997710623
78.410222,0.997680098,0.997680098
78.412307,0.997619048,0.997619048
78.414324,0.997619048,0.997619048
78.41633,0.997557998,0.997557998
78.41833,0.997527473,0.997527473
78.420337,0.997496947,0.997496947
78.422338,0.997466422,0.997466422
78.424373,0.997435897,0.997435897
78.426373,0.997405372,0.997405372
78.428411,0.997374847,0.997374847
78.430414,0.997344322,0.997344322
78.432424,0.997313797,0.997313797
78.43443,0.997313797,0.997313797
78.436434,0.997252747,0.997252747
78.438438,0.997222222,0.997222222
78.440444,0.997222222,0.997222222
78.442447,0.997161172,0.997161172
78.444528,0.997130647,0.997130647
78.446536,0.997100122,0.997100122
78.448542,0.997069597,0.997069597
78.450544,0.997039072,0.997039072
78.452553,0.997008547,0.997008547
78.454574,0.996947497,0.996947497
78.456583,0.996916972,0.996916972
78.458591,0.996886447,0.996886447
78.462663,0.996794872,0.996794872
78.464666,0.996733822,0.996733822
78.466672,0.996703297,0.996703297
78.468673,0.996642247,0.996642247
78.470677,0.996581197,0.996581197
78.47268,0.996550672,0.996550672
78.47469,0.996489621,0.996489621
78.47676,0.996398046,0.996398046
78.47876,0.996367521,0.996367521
78.48077,0.996275946,0.996275946
78.482778,0.996245421,0.996245421
78.484782,0.996153846,0.996153846
78.486788,0.996062271,0.996062271
78.488791,0.996001221,0.996001221
78.490794,0.995909646,0.995909646
78.492797,0.995879121,0.995879121
78.49482,0.995787546,0.995787546
78.496822,0.995695971,0.995695971
78.498828,0.995634921,0.995634921
78.500832,0.995543346,0.995543346
78.502836,0.995421245,0.995421245
78.504849,0.99539072,0.99539072
78.506851,0.99526862,0.99526862
78.508862,0.995238095,0.995238095
78.510864,0.995115995,0.995115995
78.512867,0.99502442,0.99502442
78.514906,0.99496337,0.99496337
78.516908,0.994871795,0.994871795
78.518924,0.994749695,0.994749695
78.520924,0.994688645,0.994688645
78.52293,0.994566545,0.994566545
78.524956,0.994505495,0.994505495
78.526958,0.994383394,0.994383394
78.528968,0.994261294,0.994261294
78.530978,0.994200244,0.994200244
78.532978,0.994078144,0.994078144
78.535047,0.993925519,0.993925519
78.537055,0.993864469,0.993864469
78.539062,0.993742369,0.993742369
78.541065,0.993650794,0.993650794
78.543074,0.993528694,0.993528694
78.545081,0.993376068,0.993376068
78.547089,0.993284493,0.993284493
78.549096,0.993162393,0.993162393
78.551146,0.993040293,0.993040293
78.553149,0.992979243,0.992979243
78.555151,0.992857143,0.992857143
78.557158,0.992796093,0.992796093
78.559168,0.992673993,0.992673993
78.561179,0.992582418,0.992582418
78.563189,0.992521368,0.992521368
78.565193,0.992429792,0.992429792
78.567268,0.992338217,0.992338217
78.569274,0.992307692,0.992307692
78.571279,0.992216117,0.992216117
78.573283,0.992155067,0.992155067
78.575287,0.992063492,0.992063492
78.577292,0.991971917,0.991971917
78.579299,0.991910867,0.991910867
78.581304,0.991819292,0.991819292
78.583383,0.991697192,0.991697192
78.585386,0.991666667,0.991666667
78.587387,0.991544567,0.991544567
78.589396,0.991514042,0.991514042
78.591397,0.991422466,0.991422466
78.593401,0.991330891,0.991330891
78.59541,0.991269841,0.991269841
78.597411,0.991178266,0.991178266
78.599499,0.991086691,0.991086691
78.601504,0.991056166,0.991056166
78.603512,0.990964591,0.990964591
78.605517,0.990934066,0.990934066
78.607518,0.990842491,0.990842491
78.609525,0.990781441,0.990781441
78.61153,0.990750916,0.990750916
78.613533,0.990689866,0.990689866
78.615617,0.990628816,0.990628816
78.619625,0.990537241,0.990537241
78.621632,0.990506716,0.990506716
78.623639,0.99047619,0.99047619
78.625641,0.990445665,0.990445665
78.627642,0.990445665,0.990445665
78.629642,0.99041514,0.99041514
78.631727,0.990384615,0.990384615
78.633737,0.990384615,0.990384615
78.635743,0.990384615,0.990384615
78.63775,0.99035409,0.99035409
78.639755,0.99035409,0.99035409
78.641766,0.99035409,0.99035409
78.643779,0.99035409,0.99035409
78.645787,0.99035409,0.99035409
78.647847,0.99035409,0.99035409
78.64985,0.990323565,0.990323565
78.651857,0.990323565,0.990323565
78.653864,0.990323565,0.990323565
78.65587,0.990323565,0.990323565
78.65788,0.990323565,0.990323565
78.659883,0.990323565,0.990323565
78.661886,0.990323565,0.990323565
78.663965,0.990323565,0.990323565
78.665973,0.990323565,0.990323565
78.667981,0.990323565,0.990323565
78.669985,0.990323565,0.990323565
78.672009,0.990323565,0.990323565
78.674017,0.990323565,0.990323565
78.676027,0.990323565,0.990323565
78.678034,0.990323565,0.990323565
78.680087,0.990323565,0.990323565
78.682094,0.990323565,0.990323565
78.684103,0.990323565,0.990323565
78.686104,0.990323565,0.990323565
78.688109,0.990323565,0.990323565
78.690119,0.990323565,0.990323565
78.692119,0.990323565,0.990323565
78.694129,0.990323565,0.990323565
78.696199,0.990323565,0.990323565
78.698205,0.990323565,0.990323565
78.700208,0.990323565,0.990323565
